booking;flight;airline
NLYRPR;8QG1WI;AmericanAirlines
SDP7N2;03M29U;AmericanAirlines
SBDLB3;S3PXNF;AmericanAirlines
SDRVHV;MYUEB2;AirFrance
94PHLX;DBH9SL;CathayPacific
8IBXSN;BBQ6E1;QatarAirways
F8UQQW;4JXN7Q;Lufthansa
ZQS1V4;I3H67J;UnitedAirlines
BRKA9B;ZXE4TH;Delta
4MQJWY;UH547V;Delta
4AAMB0;KGDPW7;BritishAirways
DNAARR;4O4ZDN;AmericanAirlines
ZAA2EL;ZUY3BM;Lufthansa
M266J9;YICNQV;QatarAirways
K1YN7D;WDZ8GP;AmericanAirlines
CTNNNH;P9BHL0;Delta
HTJFM1;BUKOVG;SingaporeAirlines
4RVR1P;BHGDKE;BritishAirways
Q6KKLV;KVBF72;Delta
8KLOIC;489ZFJ;BritishAirways
QI5NDP;WVAJ6K;AmericanAirlines
N98YAN;1U68DF;AmericanAirlines
3AC4N4;J1Y21J;QatarAirways
8JAJ3L;TYNVLK;Delta
4B52O8;P1G8QL;AmericanAirlines
RDH2PF;HITV0F;AmericanAirlines
PLN4O2;J2DAUY;Emirates
9ET2FQ;3B4KY3;QatarAirways
X3JAK0;K6RFNZ;Delta
133GRL;NEGIH4;UnitedAirlines
17Z8JH;ENLXTK;CathayPacific
LYI1A8;26EKTN;Delta
JCJEC4;NJEE37;CathayPacific
HPRSHW;Z9C1NU;Lufthansa
WNJP7T;UFCYKK;Lufthansa
V3B8RM;T5Y6PG;AmericanAirlines
FBFNZP;TL9ULL;QatarAirways
QMSRLR;B1L9EC;Delta
C3QWQQ;OF3SEJ;QatarAirways
48QG6W;LTK7PG;AirFrance
FKZAYW;XGNQ36;Delta
2NJEIL;178FPL;SingaporeAirlines
A67ECK;KM1549;AirFrance
FSY8IS;R73C3P;AmericanAirlines
MJRIW5;S6W8GM;QatarAirways
3K8E7Q;3TGFYA;CathayPacific
VY4BOE;J1JN9C;AirFrance
CTKQT2;5A02UA;BritishAirways
4B683P;RMI5RQ;AmericanAirlines
GTCEKQ;YFBQQH;QatarAirways
2VL9UH;U6FTRL;AirFrance
Y7E7LN;HLUGSQ;Lufthansa
039O70;J94YFC;CathayPacific
CQFND9;FKNEE4;AmericanAirlines
KRRBPN;1026DJ;BritishAirways
ZHUOQ7;G89QA2;SingaporeAirlines
3M10PX;3NK9N5;QatarAirways
HK1HIS;R7UZPC;Emirates
YVYNN5;5J3SH7;SingaporeAirlines
RVFCRB;M86D9F;CathayPacific
SGMFW2;K53CW1;QatarAirways
2JEO4N;GOGIM0;AirFrance
2OXYS0;VZO3C0;Lufthansa
73P21R;WDQS57;QatarAirways
J0GZUF;T1NESO;AmericanAirlines
2SCFYB;HWF3T6;AmericanAirlines
TMTU8M;T8HZJB;UnitedAirlines
H1TX61;60QZND;BritishAirways
4JDVC9;EMS9WA;SingaporeAirlines
B2MCPN;E94KZL;Emirates
9PVJHK;5AJBP4;AirFrance
HEBZBT;5J0ZEW;AirFrance
QXARR4;L5OW34;QatarAirways
W9JKYX;6QDMIJ;QatarAirways
MAA1C0;8KTSOP;Delta
GCHM4E;9VII6Q;BritishAirways
KD6ZX2;DNDUOE;Emirates
KPIR3Z;LZV153;Delta
XL2IAU;6K42MP;BritishAirways
HNSNQH;FHPXLK;UnitedAirlines
E9EUHA;3KXTQX;Lufthansa
9X2DDS;U2QAT0;Emirates
96F8B2;5VB4CL;Delta
O73TB5;K4WFAD;AirFrance
UH3W2I;5RWVFV;SingaporeAirlines
KERUBY;2FOM6Z;UnitedAirlines
PRON5H;AL5P5K;BritishAirways
YYFPO8;SD6A32;BritishAirways
MEB3BY;9S9LWM;Lufthansa
EFRUCN;KOGONM;BritishAirways
IAN9F6;IDRK8N;Lufthansa
3CJ9DF;OKV0D4;UnitedAirlines
H011DV;HRAFBW;BritishAirways
M4JOWY;RM0EZS;Lufthansa
6UHGC2;812NOF;UnitedAirlines
9DE21A;I9E9UO;Lufthansa
T11IXG;B5XDS1;SingaporeAirlines
HBJL7G;Q6FUYQ;QatarAirways
JQZQHF;GE54P1;UnitedAirlines
YVKLN7;IMNOBC;Delta
Y5HX1T;ZU3V60;QatarAirways
WLXCJ1;2SRHD3;BritishAirways
V6L207;N9WELY;Emirates
KIC856;AS5YFZ;QatarAirways
T214Q9;0WT24Q;Delta
819W4I;3KVNW2;Lufthansa
KE9K1K;XXELLN;QatarAirways
WDUOX1;P3ILHN;CathayPacific
MF3YWQ;MYD3HU;AirFrance
OU84S5;SE5S7Z;Emirates
R3G4XP;JGB52V;Delta
FICMES;4QC972;QatarAirways
9LX8DD;WSUQF7;Lufthansa
LSRL6Z;EI2KG0;Emirates
ZGC4IL;3TZPQ7;QatarAirways
YBEGPY;86M8RF;UnitedAirlines
6TV840;MZPVAO;AmericanAirlines
E2BRMS;1M2Z1G;BritishAirways
X7BKXE;Q92YLE;AmericanAirlines
BRBEJX;IPS5CD;UnitedAirlines
MDZGXX;8PYEJT;AmericanAirlines
IZ4JZZ;T4ICX1;QatarAirways
6G025P;T9UYGQ;BritishAirways
5RGS3B;1QNME6;SingaporeAirlines
176KXJ;SU0K7D;SingaporeAirlines
YHGCKE;6KB2VQ;AirFrance
RXYGIV;NWJW2J;AmericanAirlines
ZFLZDI;WUSYS1;Delta
PLF6ZN;ML5YNN;QatarAirways
G1F3HZ;X7AJ9X;AirFrance
2QJYDD;IAMY5R;Delta
D77P6Z;0KUAHW;SingaporeAirlines
COT2FI;F8SRS1;SingaporeAirlines
C5VUE5;AQ25HH;QatarAirways
OQ7DJ3;JKCXNB;Lufthansa
PLOY53;5EJJMC;UnitedAirlines
UOXUG3;OCG6J7;CathayPacific
2X09BQ;57B1V9;AirFrance
MXHTV4;8ZXJTD;BritishAirways
RUFHNB;BJZKVO;QatarAirways
XBQDXO;LA7IAL;Delta
PDP3QX;SL2QDG;AirFrance
06OVZD;VA2ZN4;Lufthansa
8FCMIG;ZIFI20;BritishAirways
FS8JF0;9ZXFEQ;QatarAirways
2PV7Y7;R7F67O;Lufthansa
HZQ752;4CKH82;Lufthansa
9DBGLB;YRCLTE;SingaporeAirlines
I2VCX5;WWNIH0;Lufthansa
P4RHE2;2CVASQ;Lufthansa
AUW2GV;HA72D2;SingaporeAirlines
1B4YLX;H2HT14;Lufthansa
RQH8BV;S6S238;SingaporeAirlines
MT486O;FRMZM9;QatarAirways
IVZE20;W2DYFS;AmericanAirlines
8B21P0;I0PHVC;UnitedAirlines
T7GQDK;LGRDBJ;CathayPacific
ITEMM8;EHV5GQ;AirFrance
ZGXQ5Y;PNPAFU;Delta
B31TO0;XEVCMQ;Delta
1K1EPD;ZHJNG4;AmericanAirlines
Z2QYME;IFPF5I;BritishAirways
HF57FH;ZUCDHF;AmericanAirlines
SHEOYT;2YERSC;Lufthansa
TRGQPO;XCYLX2;QatarAirways
YQUQ06;4ECBQY;BritishAirways
BQ04DN;P8VPTY;CathayPacific
WM94RR;UZGVLY;Lufthansa
BQD6YP;UP4JY3;UnitedAirlines
H7CP00;P6IU9X;AmericanAirlines
M79WRC;YXD5E4;Lufthansa
V24R60;WSYWXD;UnitedAirlines
T2AL96;9KWDDM;CathayPacific
OIUTWL;6DPPZM;QatarAirways
6STEZV;T4VLTW;UnitedAirlines
050Z4K;7B36LG;Lufthansa
Q9Q7H6;ZKD10U;Delta
CPWQVY;LQC4Q5;AmericanAirlines
9RLNF7;1CZ5CH;Delta
Q1P3G4;0C1HU1;Delta
FX85MK;OZRT44;Emirates
1FJRT1;CJWQP1;SingaporeAirlines
TBKW83;HHA71U;AmericanAirlines
X9SRP6;PI4FKR;SingaporeAirlines
VGKIC0;3K6ZJF;CathayPacific
3FQGEJ;VTWXJ5;AirFrance
F3SO22;V23YQO;BritishAirways
85UPXQ;J255JG;Delta
IQ17N3;395408;CathayPacific
XMET1N;G7OXLR;Emirates
C5CT11;RQVQ5R;CathayPacific
LOV1YN;6B8A0A;SingaporeAirlines
ROM0V3;9GLIEY;Emirates
OWN8OF;7P14W1;AmericanAirlines
RMULRO;J913PR;Emirates
ZH9SM8;DS92H5;UnitedAirlines
3NIVYG;AHWYTK;UnitedAirlines
GIQ5H3;5LP798;QatarAirways
8HOKDG;VQ9PFM;Emirates
IX1VJF;2DFEUS;BritishAirways
9M1VV8;5AMDZ0;Delta
T6O7IQ;7DZ7DK;AmericanAirlines
LHOWSP;FORVEF;Emirates
470S4E;E9L3OA;QatarAirways
L1VBTL;WFB0ID;SingaporeAirlines
47AA5A;OM1VW0;Delta
8RJNVN;0SD5W7;AirFrance
YCZT9T;KP5CFM;Lufthansa
7RXKNN;G63HTZ;Delta
L31NBL;EKKGE9;Emirates
TOGPMY;S5PDHJ;Delta
LZU09T;QFTDYS;UnitedAirlines
KLZ3FA;OMMFVJ;Emirates
8Q6U8X;BMXUMJ;CathayPacific
CLE66M;TVTOWC;QatarAirways
S9Z404;SVQJXR;BritishAirways
IURSWZ;ARW71E;QatarAirways
13AWOI;HJ9X2N;Lufthansa
66YRLW;1H7TJX;QatarAirways
Q6AE2S;FEOJU5;BritishAirways
9JN6WW;CNVIE1;AirFrance
QUO045;8E2LT4;Emirates
K8YGEX;ODEH7H;AmericanAirlines
G7QP7L;UB9FMN;Emirates
RK0124;BFRP1G;CathayPacific
6ZHB74;TW63RU;Delta
LHYE0A;NA7YIV;AmericanAirlines
TIZ4SQ;PA59QU;AirFrance
P9JT39;XASMG3;CathayPacific
KUIPEJ;FQMLQH;Lufthansa
LIMLWC;088TIK;UnitedAirlines
1P55DT;DVWDQB;Delta
GV76UM;T4ZW95;AirFrance
C57EYR;JSDGWH;CathayPacific
YB60IL;L6F70Q;Delta
ILFNU7;742TIU;CathayPacific
LZ6O13;7RENSC;Emirates
HQB2AH;NOASYK;Delta
2N0A52;FK6U6X;UnitedAirlines
CV9CFJ;JLKGB7;AirFrance
FF0K8H;1Y3M3H;Delta
XCECQP;VHRAHX;AirFrance
0EPNCU;5WNAK5;Emirates
6T5F1F;OVN8EY;SingaporeAirlines
SEHN4K;7KLDF9;Emirates
77PRVE;TO8284;Lufthansa
AP403L;FG8UB2;Lufthansa
TDO3XU;7LTGOL;Delta
RZJ9Q7;DVU8YW;Lufthansa
MK652Y;3DHXDF;QatarAirways
IGCJVG;D0VSLX;CathayPacific
D5XMTL;Z5Q1Y1;AirFrance
CXUXYQ;PE0F8T;AirFrance
OYF6LS;6UOLSO;Emirates
1LJJMJ;WNRBIK;CathayPacific
LEYFNA;3XE034;AmericanAirlines
JR3OW5;Q87WLF;UnitedAirlines
9R3QUS;0QBBEF;Emirates
FTA9O8;VZBGB7;AirFrance
MAASF6;U4KLX6;QatarAirways
BTU6L3;SW4TSU;AirFrance
MSMLJO;HU599T;QatarAirways
LICV10;KFIEB0;AirFrance
RMX616;W7VIQP;CathayPacific
OX6BIF;IWJWKX;Delta
6XXE9Q;B1OAMD;Emirates
GWSL0Q;9GRP8A;BritishAirways
YCXYV4;1ZDLF6;SingaporeAirlines
H94QLD;USHT5T;Delta
C3QC00;EWELFW;CathayPacific
RG4501;0RWA8O;AmericanAirlines
KKRKZ5;5BVBA0;Lufthansa
HBWSMT;00MFTE;SingaporeAirlines
N1L9K1;KELVOY;BritishAirways
3Q7S4N;79BOFY;AmericanAirlines
SXEKIE;IAOCCZ;Emirates
EGKIUG;O07LYB;SingaporeAirlines
ITM46T;13BNXO;CathayPacific
0N6W9U;JGCC0D;BritishAirways
26ECMP;EJCCP6;CathayPacific
0FU65E;X3503A;SingaporeAirlines
MMCYKH;O4W5E1;SingaporeAirlines
75LSDL;XU82GP;CathayPacific
F3JNU4;3S9B5J;Lufthansa
EBSM21;B8MSN4;AirFrance
QXLMAA;1GKAMX;BritishAirways
WZX4RF;5M5D9Q;Delta
H1Y8OV;L299BA;QatarAirways
35AKF7;6SH034;UnitedAirlines
RRE08D;LSIQMT;QatarAirways
UPDCIG;MRO8SD;QatarAirways
5CEZN5;HECF4S;BritishAirways
YIBC53;XE5XB9;QatarAirways
K64VXE;BSA2Y6;Delta
H4XAYS;F051Z4;UnitedAirlines
9EEWUW;1NJCAC;QatarAirways
Z6E94L;1N8X2Y;SingaporeAirlines
0OR34H;6LSWI1;Delta
3PMO2Z;C9EH21;Emirates
PAN6RS;8EP138;UnitedAirlines
QTERQN;T1ZIUC;BritishAirways
T3N9QV;S3I9V0;CathayPacific
I4HDM2;NUYO23;CathayPacific
EGHLVG;TL1YNY;CathayPacific
E5X38O;SS675R;BritishAirways
GF5WT3;UXM3LG;CathayPacific
9SZJI9;IRYQKX;BritishAirways
7VYI7Q;V6M030;Lufthansa
H2SKEV;JMISZ7;BritishAirways
XW3JLJ;H2ZRDE;Lufthansa
9399F8;R009UA;Lufthansa
4WX5PX;PSWQIR;AirFrance
1RQZCC;W7NO3G;SingaporeAirlines
3E5IGG;GMNW3A;AmericanAirlines
W7VDGG;FZJTVN;SingaporeAirlines
QNDEQ4;Y4O9WM;Lufthansa
4QVQYR;JUDYQM;AmericanAirlines
8AEMY8;DF2KWR;CathayPacific
QOFLFK;N156ZR;Emirates
0YTXH1;8LAAL6;BritishAirways
XCIV6Z;OMMTZK;Delta
0YI9U1;46D0CI;Delta
VF5H1K;5RQNWB;BritishAirways
DIMW6I;6NJTXS;AmericanAirlines
LRUAP3;LKYBPI;SingaporeAirlines
I95INI;QT03NJ;AmericanAirlines
Q79BLO;923JJT;CathayPacific
4POU4P;AZ32IS;BritishAirways
YK0MTC;W6YTUD;UnitedAirlines
9VXUGE;YNETIB;AmericanAirlines
GA6RLL;1JY0J0;SingaporeAirlines
LQOGQ2;RF781N;AmericanAirlines
J6IG4K;NYWPO0;UnitedAirlines
FW3MHF;E2YQW0;UnitedAirlines
U30SU4;BOJJ1F;Lufthansa
26WEA8;3A4KJL;BritishAirways
3D4YS4;156AUC;Emirates
CWA6GP;ZTL4E1;Emirates
KRZU9M;7OC9HM;Delta
KQ19J6;DCAGBY;AmericanAirlines
MIKW0J;SL81NZ;Emirates
9885SH;4M5X8F;UnitedAirlines
8BZNSF;0IOBAT;AmericanAirlines
QBQOSZ;PUTSX4;AirFrance
G9WO9Y;DFO4T5;CathayPacific
H5DXF9;RQPITD;AirFrance
ZCOWNK;KJX6RS;Delta
4GRT79;1JN1VW;UnitedAirlines
G09V0L;AX1KFF;SingaporeAirlines
HIJXR0;8C6MFG;CathayPacific
WZTT0J;U28OP6;UnitedAirlines
K7BWHS;HOVKLK;QatarAirways
YTWIUB;YQD1SU;Delta
TORVL2;RG62R9;SingaporeAirlines
7RUDY6;L03ZKY;AmericanAirlines
K349OL;NBTDRR;UnitedAirlines
4NPQK4;HO4NDS;AmericanAirlines
XMIT2N;R6X7DB;SingaporeAirlines
32KVZI;JTQVXY;Lufthansa
GXMXMA;0EIB2Q;BritishAirways
2FIMMJ;N7OOVM;UnitedAirlines
8D0YFP;ZJO1FN;AmericanAirlines
2BQIRT;UU7M1O;CathayPacific
L85GQP;X39QV4;UnitedAirlines
0WZGJ9;8Y6H6N;AirFrance
BTZHAX;V9ZLD9;Emirates
A12XEG;YSVCXB;SingaporeAirlines
MMG9C5;YXX60T;Emirates
25BMGE;G1MJYZ;Delta
YCWDNM;1CFKP0;Lufthansa
B02O75;FXC8TQ;AmericanAirlines
D3Q1S6;2LUY3N;Delta
4UBWP8;XJMFT3;Emirates
F3DNQ2;WCKW07;BritishAirways
AV7V47;N4I7FC;UnitedAirlines
NDA281;CTMHYV;AirFrance
63RHLF;XWFJUW;CathayPacific
TDUJP1;ZBISOC;QatarAirways
8A4X8X;M5WY5R;Lufthansa
JUPFIT;3KDIIB;SingaporeAirlines
9QCK9O;MX86V8;Lufthansa
EO1O3X;JFYTWN;BritishAirways
37SPJ1;LK6QTC;QatarAirways
SKNK3S;XPPQ68;Delta
2YWLZD;UC2ORQ;UnitedAirlines
3SBPG6;T9VKJU;AirFrance
T0M6ZP;Y6POWU;Emirates
MABIJF;TUSMKH;QatarAirways
3IJWZP;8BYKBF;UnitedAirlines
RCGC6E;V6I062;Lufthansa
JDVSII;OT20EO;Lufthansa
AKDJC0;B1O8XB;AirFrance
MXOX0D;RUWP34;AmericanAirlines
Z9W727;BH5NWH;BritishAirways
JC5NVO;N049FZ;BritishAirways
ZDQ41X;D52DAO;AmericanAirlines
C689FS;IWOHWP;Lufthansa
P2HWS6;V8IF1A;QatarAirways
WGXSQV;LR6CV0;Lufthansa
92ESAA;HT3Z0Y;UnitedAirlines
PTX1UG;TZ9LI3;SingaporeAirlines
D6JSFI;JPOJ2P;QatarAirways
KWV812;L3TKFM;QatarAirways
5PDP7M;YVYF67;UnitedAirlines
QEW7NS;NPADKB;Delta
4JQCL9;LB1H6N;AirFrance
UMC5W7;P7ESIR;Delta
AL5H7E;SKP8PE;BritishAirways
LDBVT7;BA0A5R;BritishAirways
K5AFAZ;V549OX;Delta
079QGI;20Y5DY;AirFrance
X4VYH4;J7KFQ3;QatarAirways
9Z1VHT;O736VK;BritishAirways
TPV22Y;AVKDNQ;CathayPacific
6M4YSD;JUXQLB;AmericanAirlines
4BOPK2;4KQA34;AirFrance
1TOYPT;71M4SB;CathayPacific
GY7UR5;LRI5BM;Lufthansa
DIHPZB;WOPGEL;Emirates
Z0MWJ4;BCVSM1;AirFrance
KX5EMU;6U4CV5;UnitedAirlines
OM8YRC;HVP24B;SingaporeAirlines
FCYFCB;XZJCH3;QatarAirways
36WH89;34KUEK;Delta
Q4IH1G;M6KPHV;Lufthansa
8H9X1V;4D7ARW;Emirates
J027ZX;FHLEMC;CathayPacific
55QGW6;SEVGMQ;SingaporeAirlines
5586LR;5R7LHZ;AirFrance
JBL8BB;IFOMPY;Emirates
V9M12A;YIP1EO;QatarAirways
VOYAPW;KISD87;UnitedAirlines
AZVYN7;9HIQU3;SingaporeAirlines
M0TFD7;O6QW04;QatarAirways
1AIN7G;4REH8E;Lufthansa
NZAAPR;Z7AWCK;SingaporeAirlines
TUJ381;VFNGX5;AmericanAirlines
HOOVET;8QXIS1;AmericanAirlines
A60DTG;EQE44A;SingaporeAirlines
IS5CA5;JAKC91;BritishAirways
CWMAC6;EI9YCL;BritishAirways
A7R3OZ;KA1IEI;UnitedAirlines
VMVZCA;X1OWK8;CathayPacific
CD5ASX;S7QMEZ;CathayPacific
PU1G5T;SJP478;AirFrance
6V0TZQ;DEFZB8;CathayPacific
470PAL;H6X3X3;UnitedAirlines
KKXDH0;D2MX5B;SingaporeAirlines
I9BU9G;JSJ89B;UnitedAirlines
EAJU1N;JL3GNI;Delta
L5JA8U;QIKU19;SingaporeAirlines
621HHD;IN47I9;Emirates
4H8MHG;9LMHPS;SingaporeAirlines
5LUR8V;I67Y9P;AirFrance
LCN220;9ACNMG;Emirates
ZBWD5V;GGCXEU;AirFrance
28PWD7;WPQ31T;QatarAirways
SR02YB;9QOC1W;SingaporeAirlines
Q0EX44;477R45;AirFrance
BNRK5M;J12IKA;BritishAirways
RKRO38;X2PKG4;BritishAirways
Y2JZQR;RQ80BR;QatarAirways
AOH007;8OXHRR;Delta
D0J62E;NA9SVE;SingaporeAirlines
P3TN2U;4QBRST;Emirates
8RTURJ;94E2EF;Lufthansa
K9WD9O;5GDVWV;Delta
LVOKXF;0A2F9T;SingaporeAirlines
IRYZG9;82I047;BritishAirways
A4RWY9;4EF9ZW;AmericanAirlines
FW4QZQ;6VVOJ6;Emirates
PPM3PP;2KYKGH;BritishAirways
MFZ71P;V8PW67;AirFrance
Q12OF8;Q1P7GK;QatarAirways
EQS0Q1;INUKBO;Emirates
YK9WFC;D4TTKQ;Emirates
44TSOW;4FRK7T;Delta
CVT66P;V4OQ6Y;AirFrance
O7T6BQ;ASLAY0;AirFrance
2Y2T6N;FXQ00C;BritishAirways
AIX75F;KTMNP3;UnitedAirlines
5KI7BT;1DEGMY;QatarAirways
R1K7C8;Q8NTER;Delta
RW3A18;KG6POT;UnitedAirlines
3W42QZ;QE6G7Q;BritishAirways
WQ03AD;A29ODS;AirFrance
V811ZJ;IV5FHN;Lufthansa
4N5P36;E9RZG8;UnitedAirlines
R0Z5J5;EVDYEF;BritishAirways
7K8BFD;SRIZAH;QatarAirways
39106Q;809DO6;BritishAirways
9WIT54;TEKX8U;Lufthansa
D96S4I;N2IDAV;UnitedAirlines
D4GVA5;PT45EK;AirFrance
4HW7SR;DYNDY7;CathayPacific
XHJ7VK;SOJEGN;Emirates
KIUNQU;OYX2RS;AirFrance
ZA00LK;S0FGJ6;CathayPacific
ZNT737;QRKVIK;CathayPacific
3XOUCK;LV2QYT;BritishAirways
F8AGO5;J8DSCD;QatarAirways
3WZQXR;RGCDSH;BritishAirways
4850RA;2MH0YG;AirFrance
DSB6CN;RO12KJ;UnitedAirlines
9H9MMK;LGOM6O;UnitedAirlines
NUB2IW;UHP6QK;AmericanAirlines
SCZT86;D0SE6P;Lufthansa
U1TMNZ;5UOZ7W;AmericanAirlines
7Y0AHZ;G2WRS3;Delta
YJC1N4;QHCZX1;BritishAirways
GUQS68;CVTMMQ;AirFrance
C729PH;IGHWOO;CathayPacific
Z6D58F;53V1YL;Emirates
1AEYB2;0NP6Q2;Delta
S54DT9;2SY1I4;UnitedAirlines
NR9AYN;MR20YQ;SingaporeAirlines
TL7Q9F;2MN9A7;AmericanAirlines
L696NO;BK9ZGX;CathayPacific
F88VEM;L6KGZE;AirFrance
AH2TV3;AVN4O5;AirFrance
5VBX5P;3JFY0X;UnitedAirlines
GTB7QJ;P43RZZ;CathayPacific
A0VN3U;JQTS6P;Delta
P8YGY8;HEA87B;QatarAirways
DYMHAD;ZW9TIM;QatarAirways
GMRZV6;VTP21J;Lufthansa
SJ1VJT;170FON;Delta
ZPXCPQ;8BKCOS;Lufthansa
XAT7EV;A38NV1;Lufthansa
43R58Z;L0BTQ3;Emirates
YQBC5J;J0VSGF;Emirates
NHWDHH;003YYZ;BritishAirways
9A3ULS;Y1Z2YN;UnitedAirlines
DG38C9;RDKKK0;AmericanAirlines
A28UCS;1Y763B;CathayPacific
8759GA;JA605A;UnitedAirlines
RSXWIG;2RE9IF;Delta
UDATSK;212N2Y;UnitedAirlines
YQJ3IZ;EW864S;SingaporeAirlines
BJP8IW;B4XSN2;UnitedAirlines
UZ0VYC;49D5VL;BritishAirways
EOCVF0;16VET0;SingaporeAirlines
1TBVNE;NG0MZ2;BritishAirways
1X5YL9;JG95KF;CathayPacific
3JBS1T;SU7DOL;AirFrance
URPDUO;E3SL77;AmericanAirlines
7TYIFS;O6METE;Emirates
UG7FHC;0S1V4Q;AirFrance
7QPOOA;5GJPKZ;Emirates
9XU3ZC;CLJTGA;Emirates
HMQSZ8;ZS9LOP;AirFrance
DU1AUO;VGSK45;SingaporeAirlines
OOW9XG;FK27H2;CathayPacific
L2UI4V;2TDR1V;Delta
5JMSPC;661HXB;CathayPacific
5J0SBG;UDTCHS;AirFrance
DV4QE6;DG0UVP;SingaporeAirlines
0BP902;3LJY6M;Lufthansa
ZKJS78;1Q2ZPO;SingaporeAirlines
3HD7MF;E82T4V;AmericanAirlines
66PYRM;JLU2YE;UnitedAirlines
PUHLBI;G3SMKX;AirFrance
C60CRL;P0I0YE;AirFrance
RQ4KS8;LT84WR;QatarAirways
A0YDPM;G6HH8D;Emirates
0QEUYL;BSO7UJ;UnitedAirlines
FK2EGT;FVGLNY;AirFrance
WDETZ0;XP251A;Emirates
S5YSUW;85AY5O;Delta
URYA4F;ZYYBUC;QatarAirways
TB9V3N;UVNWO0;SingaporeAirlines
1HC9EP;MLQE69;UnitedAirlines
L7BVEA;VB2PEJ;SingaporeAirlines
DZR0H7;C4WF65;BritishAirways
3HZCIU;5IDF2A;CathayPacific
IKCP08;BFXTWC;UnitedAirlines
AYSIWF;AZ8G0P;AirFrance
X83JNC;YXCPO4;AmericanAirlines
LIIWLA;K6U914;Emirates
Z5LG2W;HI4KYB;CathayPacific
VN7JNQ;U8X2S8;UnitedAirlines
TPH9HP;ABWAJO;Lufthansa
0JTICL;I4QB3Y;Emirates
ANW2OK;PA31PZ;Emirates
UOSM3H;6I72WP;Lufthansa
QODB8K;EW67RC;UnitedAirlines
F5IT9L;5E5I2P;Delta
OUYUJZ;7GP7H6;QatarAirways
VAWQRG;RGZV6X;AirFrance
O25TA1;169SAC;AmericanAirlines
8DT00Y;U01D94;UnitedAirlines
STVEF9;5YDVJM;UnitedAirlines
IJIRIE;79SW9P;AirFrance
F4B4U8;YC6SV5;AirFrance
05PMBW;I5TMYM;CathayPacific
9WGIQW;CTXDT0;BritishAirways
6G27IL;48Q6D4;CathayPacific
D77LP5;A2GL1J;Delta
RRRXEK;ZBXR4H;CathayPacific
RH3WH0;SO2YZY;BritishAirways
I1SYMZ;4JUF6Y;Delta
CRHC4A;4TO594;Emirates
9X9ZHG;4NIYN9;Emirates
9XTKN5;IHASCA;AirFrance
UDFVX8;639BML;QatarAirways
ZPSGUN;3HW1SM;AirFrance
S00BHO;PVBQ0J;AirFrance
MN0WY9;6SNP08;BritishAirways
UAC5G7;D2A02K;UnitedAirlines
67XWZJ;M31SF0;BritishAirways
6DNIWY;CN0BIK;Emirates
Z0KJXU;DW0VRT;QatarAirways
ZT9QHY;YGEIV5;Lufthansa
7ZHGCN;9ELVBW;SingaporeAirlines
RGWGQB;M7PNXB;AirFrance
5FU09Y;2UZCG0;QatarAirways
6F2M42;R3TLDC;CathayPacific
X29CJG;BVVGFJ;BritishAirways
RZAQSI;QVGOKJ;SingaporeAirlines
K4JHRY;O5FNAO;Lufthansa
BGD2RR;PG8CRW;Delta
Q8NYJB;HEOD4D;AmericanAirlines
MCSMDX;1CDPI2;BritishAirways
BD2HP7;VNC071;BritishAirways
1T9220;8KRTFR;AmericanAirlines
9YXEGB;0UQI49;SingaporeAirlines
KTDTIT;NNWZ7D;BritishAirways
51SEOU;C7HJO1;CathayPacific
V2A4WS;G46A2L;Delta
QHGM3W;VBNHC1;CathayPacific
Q4BU2C;U4P0QE;AirFrance
L5PXAM;57NHZ5;AirFrance
5GQ57E;UVP4QM;CathayPacific
4CI48V;1UKH9O;Delta
AEI2KI;II6UMH;AmericanAirlines
X7NCSF;GLQZ85;AirFrance
5KUZ4N;KS3912;SingaporeAirlines
84DF9W;B66AHT;AmericanAirlines
QEILQ1;CLMLDA;Lufthansa
R7E5JC;LK494O;Lufthansa
AH0DUM;MJ7T8Q;UnitedAirlines
PKR8MW;2MCHVM;SingaporeAirlines
XN8L5X;EAQXCW;Lufthansa
7J0T1G;6S4DKJ;AmericanAirlines
KEWLXC;7S7Y6J;SingaporeAirlines
J00UF6;QAZ1SB;BritishAirways
XIGXS5;VLEHOZ;UnitedAirlines
66GC7J;1NU2XR;UnitedAirlines
DGKXUK;X9SY5Z;AirFrance
MPIDYM;YSV7W2;Emirates
F2HY54;WBJLXL;AirFrance
A8VUW2;2XWLSR;UnitedAirlines
WRNKHD;13HZHB;CathayPacific
ZKW4ZU;80I425;Lufthansa
QYIVHH;IECA15;Delta
JB38BP;445YDL;AmericanAirlines
K9C7S0;L7ICYJ;AmericanAirlines
19EQXW;E628TT;Emirates
0WPSR2;JYL099;Lufthansa
48O6HR;7ZRQWH;UnitedAirlines
1ZL8NP;MUHQ1C;AirFrance
R4PIDP;Z8749N;SingaporeAirlines
BT24LI;4ORVUE;CathayPacific
EYPMCC;AC8IYT;QatarAirways
N81BP5;Z88ACF;AirFrance
WKPJES;DFMPUW;Lufthansa
42GT1N;JM5VJE;QatarAirways
2VCPC9;WKZTAV;UnitedAirlines
7MOKSF;CDYNQ1;Delta
V0TMSA;ZNW67T;SingaporeAirlines
3U1PBM;WKAVSW;CathayPacific
CJ30KS;J3UHDU;Delta
PO8QMZ;A9O46O;Emirates
QQG9HM;AX4V6F;UnitedAirlines
ZK3H2I;CSALJX;AmericanAirlines
TPH9Q9;X93Q0E;BritishAirways
TQUWCD;YRW2YS;Lufthansa
O97J03;D8H1K8;Emirates
GVZ2V3;6FZEAU;BritishAirways
QIZJQ1;4GNVD2;Lufthansa
UA15TZ;XROKKO;SingaporeAirlines
28LRMZ;0JV9KM;Emirates
N6PACF;27W2RQ;Delta
0U7GQS;M2BH24;AmericanAirlines
0FPPAJ;45XX1N;AmericanAirlines
MM4MO7;98TQ7N;CathayPacific
B7LWUC;9N7DYT;Emirates
OD7858;0SCZ9K;Lufthansa
9LE3A3;AHFXGZ;CathayPacific
PDE6J1;X9ACS8;AmericanAirlines
N51ZPX;YDNEDI;SingaporeAirlines
2TB805;JJ5FU9;Emirates
KSN0MP;NM6IXL;QatarAirways
6OORA7;KYBQ5O;Lufthansa
S1MNQW;HGX8SO;CathayPacific
3T1I9G;OG9DLL;CathayPacific
EPHATO;1VHNQH;SingaporeAirlines
O6NG9E;HTQEOR;CathayPacific
DJB2TY;F161TA;Emirates
KOVL2U;LA0HJO;QatarAirways
VDVK2Y;RIM9MF;SingaporeAirlines
OL6I9U;7C9OO1;UnitedAirlines
P6C7NG;PEKLKC;SingaporeAirlines
BEPFDL;NTLJEP;Lufthansa
NUAYJX;BRGQ1Z;SingaporeAirlines
PTBP7Y;WTCS9F;CathayPacific
1YJAGB;KBYHB3;Emirates
VV3TTF;W1H4GE;QatarAirways
LGPJSO;GFYT3K;Delta
BHTLDU;SI4ZMP;AmericanAirlines
F3CCHZ;IPT7T1;Emirates
NG7914;K0MCGX;Lufthansa
KG1PMR;DGO8ER;AirFrance
HVN1LN;V4KCL9;AmericanAirlines
SMOKUW;27TXZ4;BritishAirways
KVIN73;VP2MHL;Emirates
6X0GBX;ASO9OY;Delta
ENAQOJ;7GV8HN;UnitedAirlines
ABMO8M;LLR033;AirFrance
6E8QJX;LSIY9N;Lufthansa
5S4S1G;060VYI;CathayPacific
DQD3BF;WOMA0E;AirFrance
8D5I7N;8PXYWG;Emirates
28VKHG;Y68Q87;AirFrance
U1EVXI;4PIN0F;Delta
PIMKXO;UWJWM8;UnitedAirlines
3QBW2K;QFWGC3;AmericanAirlines
86B2O2;VSEYVF;CathayPacific
EA76BU;3F38PC;SingaporeAirlines
XJCN95;J49HS3;QatarAirways
QKMZM9;L85PJ0;AirFrance
80DTY0;8027G1;UnitedAirlines
OG4Z14;PMW4YV;Lufthansa
0C4KM2;0RZDOF;AmericanAirlines
7NO3Z5;XO2U9Z;Lufthansa
W6XQAX;Q9MZM9;BritishAirways
59GFV4;6XVUB7;Emirates
D3JCBO;JE8SU6;CathayPacific
3XPIV2;7HYJ75;UnitedAirlines
R5G6U0;8Z5P4W;Lufthansa
70JRFJ;5X23UJ;AmericanAirlines
1CUBF3;SHLV6M;Lufthansa
P3ZR8V;G1XNJG;QatarAirways
UT7072;708P0T;AirFrance
ND38VE;A40AP7;Delta
E5WXQI;FNZ9KS;AirFrance
RQTHDY;8X9SN2;AirFrance
SHY0TT;3PR25J;AmericanAirlines
RKI3FF;JG40EY;Emirates
X4X3XK;CGTE2G;UnitedAirlines
OCAJA4;QSZBV2;AirFrance
7WZL0C;JPAZ8D;QatarAirways
NNGVBB;G3FA5G;Delta
5FKZW3;3FT1Y5;AirFrance
UYVGBX;CMENHL;AirFrance
ZLGII4;KFSF4M;SingaporeAirlines
8JW0LL;TYAWOU;SingaporeAirlines
FT3KE8;H729MH;BritishAirways
L3KV5X;Y18OXV;SingaporeAirlines
BGP4IG;CVT4WS;AirFrance
3MM0DE;V5JS3G;Delta
P1FQL4;IRCVOK;AmericanAirlines
IKOVNB;ZF39QQ;AmericanAirlines
P8JKIW;AD857E;Delta
AXFYU9;LHEHCR;Emirates
RZS5QZ;W4ECWE;AmericanAirlines
V2AB9O;R8TEAI;QatarAirways
GHQEVF;4AO6C6;QatarAirways
YVK2CI;V427FJ;BritishAirways
VZ49W7;NSRPSR;SingaporeAirlines
ETKG4Y;XU7G8E;BritishAirways
1B822R;3WDVOX;QatarAirways
TO2SDL;RCB1SW;BritishAirways
JD3ABN;W5MOG4;Lufthansa
RSW95D;X1VOF3;BritishAirways
L9OCIV;TV0SUW;AmericanAirlines
3VOJM9;TT7EUE;AirFrance
1CXUX5;K8LV8L;Lufthansa
P4M06A;T9AODW;Emirates
MZSU5X;ZWXRKQ;UnitedAirlines
LOQEXT;74UXT1;UnitedAirlines
4PJ3UJ;F7GX8B;SingaporeAirlines
FINJZ8;79JCZR;SingaporeAirlines
K6ZEDH;LMBU9N;AmericanAirlines
4MSU8T;H4WFFA;AirFrance
FNIXL4;PWN4D3;UnitedAirlines
AWBWY8;4E3RXG;Delta
4X8MR6;VEEKQ9;AirFrance
JXKDAZ;AM6PL3;AirFrance
52HZB4;XYB4U0;Delta
BLZMFV;XUI6ML;BritishAirways
6RVD1T;5BMKSV;AirFrance
HSMAGM;YQT4DN;Emirates
LV4HNK;1708G5;BritishAirways
2HVZD0;PJOG8S;AirFrance
W57Y9K;S36DYK;AmericanAirlines
KBG6IG;R2VF0C;AirFrance
2BQA6K;F3R7EY;Lufthansa
5KJ4N4;BK2LC6;QatarAirways
8RRVUP;N3PCSD;AirFrance
4PSG5W;R8O0N2;Lufthansa
NXL1AE;5Y849L;UnitedAirlines
AR0H4L;VX7VZ7;UnitedAirlines
DIWDW9;1C7EYF;SingaporeAirlines
HLHZRE;LZK2K1;UnitedAirlines
IAJXRS;X542TF;CathayPacific
W5VH84;2C38XM;SingaporeAirlines
3HI7HT;M6BXV9;Emirates
VJMB11;3QSQNB;Delta
LSZ7MG;GI43M6;AmericanAirlines
HWKZSH;YZQYZ5;Emirates
7CPQ6A;A3YYB5;AmericanAirlines
01YRQ8;9EACOX;SingaporeAirlines
2O9MYI;EGWITC;Lufthansa
Z5DH65;I64R2V;Emirates
DPLNBJ;8CUW9E;Lufthansa
MT7ELZ;V73WGG;SingaporeAirlines
KJKELQ;26GKU6;BritishAirways
R74T20;7KV3OB;CathayPacific
N21J4H;Y5E9U3;AirFrance
3X9OPX;C8FL55;CathayPacific
3XYKUW;EP41IN;Lufthansa
GFVJW2;M2N3MK;CathayPacific
A9WBAB;FMVXFM;Delta
0LL7SC;939PH6;CathayPacific
XXXUMX;G912EM;UnitedAirlines
26XS1U;0T5RQT;BritishAirways
VU1EI7;BGACEX;UnitedAirlines
POBKWI;RIPP44;AirFrance
KP2RY9;EG0PKH;QatarAirways
FILZKY;H1EBXL;SingaporeAirlines
272LIB;8INN5U;Emirates
BA5XFL;V7JXMG;Lufthansa
M1HN4C;JWAGLQ;Delta
X5TAE9;HNWFG0;Emirates
237LAB;0J3ZCR;SingaporeAirlines
IW07CI;GQL246;Emirates
AN2ZXU;0Z3IXI;QatarAirways
6P2UHN;2I7TZ9;AirFrance
TLMVBJ;7SP6P1;AirFrance
B4VGU1;XJE2D6;CathayPacific
BL7PVS;DZWVBZ;BritishAirways
L9FSCU;OS6V72;SingaporeAirlines
UBECGE;0AOGC0;CathayPacific
U2K0S2;T9GVIQ;AmericanAirlines
9PTNB0;FE62WW;SingaporeAirlines
HVT7FU;DEXYP4;BritishAirways
YT10PE;4P2XIE;AmericanAirlines
03KBAX;GNTFGU;CathayPacific
IZIQRD;7MID7S;AmericanAirlines
DRPRDU;NH1ZNN;Emirates
Z66LMP;B3HSBZ;CathayPacific
U4AP6E;63KXO8;UnitedAirlines
906I51;0BVT74;SingaporeAirlines
JWAN6R;1T9NI2;AmericanAirlines
3BMKX8;L9QA0G;AirFrance
D615Z0;P1DESY;QatarAirways
BBPGHL;8LZ0OX;AmericanAirlines
S5XTF7;NZUOE3;SingaporeAirlines
ZFER41;WPC45B;UnitedAirlines
XEJ4HV;HY308U;CathayPacific
UYVYX7;50Z1QX;CathayPacific
20LV13;RC5QEW;BritishAirways
ST4OR7;Z3JDYH;AmericanAirlines
ONF2GU;KAMM19;UnitedAirlines
WQL1FR;A1THJ0;AirFrance
XSPTLM;A1DAX6;Emirates
6J0S2X;U9D1RY;Lufthansa
QC4SNO;NFXAKY;BritishAirways
UDIL3X;KJ0Z63;SingaporeAirlines
1BOK6L;CEEXYF;UnitedAirlines
1KK33W;02RP6O;UnitedAirlines
HCCBBV;O1FB7Q;Delta
95IMUG;3TPYC8;Lufthansa
YNWF5M;HMLXRN;QatarAirways
MY4NQO;EVJMH3;BritishAirways
A541F5;P8S1CD;SingaporeAirlines
Y95MP4;EX6O4G;AmericanAirlines
TFOGR7;EO4NN7;SingaporeAirlines
UXU2OX;0O4XSC;Emirates
8OX003;M85OER;Emirates
SLMC0N;ENB5H7;AmericanAirlines
GSMS3E;9VA0XN;SingaporeAirlines
M00ASM;GX361H;Emirates
VA2740;CUO4LL;Emirates
UDTKMP;XKX4FB;Lufthansa
64TE49;3MH3BW;AirFrance
VUO86Y;I3MMSB;CathayPacific
KVNSEL;9XLE79;AirFrance
PIM398;SN0GDH;QatarAirways
36539J;UT3ZIX;UnitedAirlines
Q5H5OR;9UR831;SingaporeAirlines
5OH5UL;FFGH3O;Lufthansa
2CRZC4;JI875B;BritishAirways
U4C6BT;UGBUVY;Lufthansa
BM52B7;AZXC38;AirFrance
8EIKHU;76QSPU;AmericanAirlines
SS9C7G;E4FS6Z;BritishAirways
2LKP4Q;RF6QXZ;Delta
IIH6JE;JEBF3T;AmericanAirlines
8490V7;GFJ61B;UnitedAirlines
YJXH32;X206A9;QatarAirways
CQB0VC;JN0A4L;CathayPacific
A2VLGO;0GPD52;UnitedAirlines
DWGXBR;3OOYE8;QatarAirways
QN01V3;AO92OJ;AmericanAirlines
4FMX3Q;1M6WUJ;Delta
PI9WXU;Z45V17;Lufthansa
8UUGKR;P31C3I;Lufthansa
RB4E2I;NUAZ1V;BritishAirways
8X1XEY;0ZWLOG;AmericanAirlines
NKZEYE;EXZAGE;CathayPacific
H1M9RY;ORNM0C;SingaporeAirlines
5WQIAK;Y6XCB3;BritishAirways
L7VKXZ;VVWEZ0;Lufthansa
7G7IV8;UJWBYC;SingaporeAirlines
3VH3PR;5FC9VI;SingaporeAirlines
78H954;J535PN;Delta
6V4H0Z;63WJWH;AmericanAirlines
JJP4FX;E5Z9XD;Lufthansa
YX4C95;S42P0V;AmericanAirlines
ARWNFA;S1C6KU;CathayPacific
NIAPX6;YJGKCG;CathayPacific
C3T907;60F6QL;AirFrance
7EGTW5;QU8Y1E;Delta
GOGSPC;DKSENV;UnitedAirlines
RRODR1;1EWOJ7;UnitedAirlines
XVUC4P;LRG0B0;Lufthansa
S1UNKV;IL0991;Emirates
78JM4Y;ZQKCCZ;BritishAirways
TH3UKK;G670A2;SingaporeAirlines
M3XRQY;4QOYHQ;Emirates
FI58G3;HDNU3C;SingaporeAirlines
9W7DWT;ZSPR01;Delta
JBYJX8;LBEYEZ;Lufthansa
XB27ZS;N4YE62;Delta
58ZXGW;ZQSZT5;Lufthansa
B3HWJE;JUWBE6;CathayPacific
S817RC;9ZJ7Z7;UnitedAirlines
D5TUFE;HDZLEF;BritishAirways
04QKBE;EQ86R4;Emirates
PYREML;82HZPT;Lufthansa
RAPT56;2LTSAU;Lufthansa
6R9ZGH;7LZZTT;BritishAirways
Q0PB2I;OEINON;UnitedAirlines
2WYZ81;3XJ7AO;Emirates
EREX5N;ATS2EM;CathayPacific
XBNREK;VU49PI;AirFrance
XT4XF5;MK0TND;Emirates
BGFLXO;R2SYAU;UnitedAirlines
CKBFQU;EH4S4P;Emirates
V3V1J4;3VTWGD;UnitedAirlines
PFXK3L;FGN3OH;CathayPacific
L80PGQ;T5DLKN;CathayPacific
LGT9AC;7I2EBD;Delta
IX2OEW;ZN7LQ2;AirFrance
FATNHD;W5NXUM;AirFrance
MYG1MK;DHRA26;Emirates
QOJPZA;SQ885U;AirFrance
FZFV91;BN67WF;BritishAirways
XVQ0UT;7DUTCA;AmericanAirlines
3KG4XU;D30F77;BritishAirways
84XFNL;HOLNBQ;Emirates
96HYGP;1I7BFZ;Lufthansa
D9WHU7;GDLR27;AirFrance
XK8QWH;WCMS5P;QatarAirways
T4IK4B;JB3V5G;Emirates
DK7ORT;K5DPFV;QatarAirways
GPS7JC;2KI0SF;Emirates
K6R4K6;QSVVCV;Lufthansa
IOZ6MM;V0TA3X;UnitedAirlines
IAQ988;W0YPR6;UnitedAirlines
S0XBD9;6XSLNU;Emirates
32YXM3;LGEYI8;Delta
U6Q53C;0M9ES7;SingaporeAirlines
4CQRYA;ES1BYU;CathayPacific
E5LSUG;R7WFHD;Lufthansa
02NEK7;UKH2L9;AmericanAirlines
XBBIA2;ZHGGZS;AirFrance
ADMFT1;FTQD2N;CathayPacific
ZOVOUZ;1FK4L9;BritishAirways
F49DYL;1DCMVZ;BritishAirways
DGE05E;7PJZZZ;SingaporeAirlines
OW1IY8;RD10LN;CathayPacific
VUI2TH;LX124K;UnitedAirlines
DR6BSP;IABS1S;UnitedAirlines
P26N7E;NLLBLP;AirFrance
Q3YLA2;9XQMLN;CathayPacific
S2KG5P;H4UF84;CathayPacific
T50GNJ;0XHHXO;CathayPacific
XGY1OM;NXE38G;Lufthansa
N775QZ;CM3MVF;CathayPacific
AT40WU;9U93UM;CathayPacific
FY1782;MNDAP0;BritishAirways
7QI0MQ;9OFZFM;SingaporeAirlines
V4SOGN;C5W28S;Emirates
GF2L1R;W1HQXH;Lufthansa
OC80Y8;AQD0BL;Lufthansa
27YSNX;S4HNSX;SingaporeAirlines
5R3AZ0;F6BM7B;Delta